true_label,BLL,FSRQ
BLL,0.9917235774919391,0.008276422508060932
BLL,0.26774483919143677,0.7322551608085632
BLL,0.9138385877013206,0.08616141229867935
BLL,0.6247309148311615,0.3752690851688385
BLL,0.9998506242263829,0.00014937577361706644
BLL,0.9160973951220512,0.08390260487794876
FSRQ,0.18154442310333252,0.8184555768966675
BLL,0.8568835854530334,0.14311641454696655
BLL,0.9888904355466366,0.011109564453363419
FSRQ,0.1272304654121399,0.8727695345878601
FSRQ,0.19332629442214966,0.8066737055778503
FSRQ,0.04162043333053589,0.9583795666694641
BLL,0.5475505292415619,0.4524494707584381
BLL,0.9987592311808839,0.001240768819116056
BLL,0.9995280979201198,0.0004719020798802376
BLL,0.5893044471740723,0.41069555282592773
BLL,0.7692582309246063,0.23074176907539368
FSRQ,0.07369774580001831,0.9263022541999817
BLL,0.8976045176386833,0.10239548236131668
BLL,0.862125888466835,0.13787411153316498
FSRQ,0.3050708770751953,0.6949291229248047
BLL,0.9050935432314873,0.09490645676851273
BLL,0.9896708428859711,0.01032915711402893
FSRQ,0.17439234256744385,0.8256076574325562
FSRQ,0.25634145736694336,0.7436585426330566
BLL,0.5108323395252228,0.4891676604747772
BLL,0.9669472053647041,0.03305279463529587
BLL,0.424291729927063,0.575708270072937
BLL,0.8720639199018478,0.12793608009815216
BLL,0.9925942765548825,0.007405723445117474
BLL,0.7430967092514038,0.2569032907485962
BLL,0.45833706855773926,0.5416629314422607
BLL,0.954711839556694,0.04528816044330597
FSRQ,0.14463955163955688,0.8553604483604431
FSRQ,0.036725759506225586,0.9632742404937744
BLL,0.9640669524669647,0.03593304753303528
BLL,0.987691905349493,0.012308094650506973
BLL,0.9660857059061527,0.033914294093847275
BLL,0.7761681973934174,0.22383180260658264
FSRQ,0.059381306171417236,0.9406186938285828
FSRQ,0.05704009532928467,0.9429599046707153
FSRQ,0.09166204929351807,0.9083379507064819
BLL,0.9354287758469582,0.06457122415304184
FSRQ,0.12185025215148926,0.8781497478485107
BLL,0.9984910298371688,0.0015089701628312469
BLL,0.4038277268409729,0.5961722731590271
BLL,0.9073947891592979,0.09260521084070206
FSRQ,0.14795231819152832,0.8520476818084717
FSRQ,0.06855237483978271,0.9314476251602173
FSRQ,0.02649003267288208,0.9735099673271179
BLL,0.9466777853667736,0.053322214633226395
BLL,0.4670374393463135,0.5329625606536865
BLL,0.9030840694904327,0.09691593050956726
BLL,0.9551811404526234,0.04481885954737663
BLL,0.998520357417874,0.0014796425821259618
BLL,0.9401043839752674,0.05989561602473259
BLL,0.9591552950441837,0.04084470495581627
BLL,0.9063644930720329,0.09363550692796707
FSRQ,0.2565731406211853,0.7434268593788147
FSRQ,0.938659593462944,0.06134040653705597
FSRQ,0.07905107736587524,0.9209489226341248
FSRQ,0.16404348611831665,0.8359565138816833
BLL,0.4120391607284546,0.5879608392715454
BLL,0.9854615312069654,0.014538468793034554
BLL,0.9490825161337852,0.05091748386621475
BLL,0.550746351480484,0.449253648519516
BLL,0.3989562392234802,0.6010437607765198
FSRQ,0.6431629061698914,0.35683709383010864
FSRQ,0.1042281985282898,0.8957718014717102
BLL,0.9188141375780106,0.08118586242198944
BLL,0.9186495319008827,0.08135046809911728
BLL,0.8668414503335953,0.13315854966640472
BLL,0.9441984556615353,0.05580154433846474
FSRQ,0.15502309799194336,0.8449769020080566
BLL,0.9769964590668678,0.02300354093313217
FSRQ,0.22144025564193726,0.7785597443580627
FSRQ,0.21198952198028564,0.7880104780197144
BLL,0.9560499154031277,0.04395008459687233
BLL,0.9974932493641973,0.002506750635802746
FSRQ,0.06622475385665894,0.9337752461433411
FSRQ,0.2617233991622925,0.7382766008377075
BLL,0.9779055248945951,0.022094475105404854
BLL,0.6927638947963715,0.30723610520362854
FSRQ,0.13011103868484497,0.869888961315155
BLL,0.9996743782539852,0.00032562174601480365
BLL,0.9897923907265067,0.01020760927349329
BLL,0.9897108972072601,0.010289102792739868
BLL,0.8909767419099808,0.10902325809001923
FSRQ,0.2513082027435303,0.7486917972564697
BLL,0.9677566476166248,0.03224335238337517
BLL,0.6763764321804047,0.32362356781959534
BLL,0.9922220734879375,0.00777792651206255
BLL,0.16827267408370972,0.8317273259162903
BLL,0.9966532369144261,0.0033467630855739117
BLL,0.9984365329146385,0.0015634670853614807
BLL,0.8654502779245377,0.13454972207546234
BLL,0.997192831709981,0.0028071682900190353
BLL,0.9480941779911518,0.05190582200884819
BLL,0.9706937987357378,0.0293062012642622
BLL,0.38524168729782104,0.614758312702179
FSRQ,0.06784647703170776,0.9321535229682922
BLL,0.9855131302028894,0.014486869797110558
BLL,0.994206978008151,0.005793021991848946
FSRQ,0.8238251358270645,0.17617486417293549
BLL,0.7750333249568939,0.22496667504310608
BLL,0.9916956219822168,0.008304378017783165
BLL,0.9975388573948294,0.0024611426051706076
BLL,0.6910943388938904,0.3089056611061096
BLL,0.8834427297115326,0.11655727028846741
BLL,0.9591445438563824,0.04085545614361763
BLL,0.1354275941848755,0.8645724058151245
BLL,0.9910346753895283,0.008965324610471725
BLL,0.9956070589832962,0.004392941016703844
FSRQ,0.14427876472473145,0.8557212352752686
BLL,0.989677295088768,0.010322704911231995
FSRQ,0.12474101781845093,0.8752589821815491
FSRQ,0.16858410835266113,0.8314158916473389
FSRQ,0.0667119026184082,0.9332880973815918
FSRQ,0.21750569343566895,0.782494306564331
FSRQ,0.18538224697113037,0.8146177530288696
FSRQ,0.25545430183410645,0.7445456981658936
BLL,0.985980418510735,0.014019581489264965
FSRQ,0.29906946420669556,0.7009305357933044
BLL,0.9878950184211135,0.012104981578886509
FSRQ,0.17835545539855957,0.8216445446014404
BLL,0.42868131399154663,0.5713186860084534
BLL,0.333800733089447,0.666199266910553
BLL,0.9980850799474865,0.0019149200525134802
BLL,0.885583408176899,0.11441659182310104
FSRQ,0.025172412395477295,0.9748275876045227
BLL,0.5029877722263336,0.4970122277736664
BLL,0.7002388834953308,0.2997611165046692
BLL,0.9945486858487129,0.005451314151287079
BLL,0.8301027417182922,0.16989725828170776
BLL,0.9591664709150791,0.04083352908492088
FSRQ,0.14424103498458862,0.8557589650154114
FSRQ,0.04745960235595703,0.952540397644043
BLL,0.9111420810222626,0.08885791897773743
BLL,0.8807674646377563,0.11923253536224365
BLL,0.9978175316937268,0.002182468306273222
BLL,0.942202091217041,0.057797908782958984
FSRQ,0.03071647882461548,0.9692835211753845
FSRQ,0.8394519090652466,0.16054809093475342
FSRQ,0.13418596982955933,0.8658140301704407
BLL,0.7636066228151321,0.23639337718486786
BLL,0.9383103512227535,0.061689648777246475
BLL,0.9995869003469124,0.00041309965308755636
FSRQ,0.02547985315322876,0.9745201468467712
BLL,0.9862250685691833,0.01377493143081665
FSRQ,0.09091246128082275,0.9090875387191772
BLL,0.9867229331284761,0.013277066871523857
FSRQ,0.11276954412460327,0.8872304558753967
FSRQ,0.02727830410003662,0.9727216958999634
BLL,0.6078208088874817,0.3921791911125183
BLL,0.9568581581115723,0.043141841888427734
BLL,0.6666145920753479,0.3333854079246521
BLL,0.9603658616542816,0.039634138345718384
BLL,0.9989275858970359,0.0010724141029641032
BLL,0.9061754047870636,0.0938245952129364
BLL,0.8587568551301956,0.14124314486980438
BLL,0.9948993637226522,0.005100636277347803
FSRQ,0.04615217447280884,0.9538478255271912
BLL,0.6997967064380646,0.3002032935619354
BLL,0.9823527187108994,0.017647281289100647
BLL,0.9971105742733926,0.002889425726607442
BLL,0.8574707806110382,0.1425292193889618
BLL,0.8253833949565887,0.17461660504341125
BLL,0.9785646144300699,0.021435385569930077
FSRQ,0.07277071475982666,0.9272292852401733
FSRQ,0.030433237552642822,0.9695667624473572
BLL,0.5738120377063751,0.4261879622936249
BLL,0.5635051727294922,0.4364948272705078
FSRQ,0.20177626609802246,0.7982237339019775
FSRQ,0.8340415507555008,0.1659584492444992
BLL,0.9966094756964594,0.0033905243035405874
FSRQ,0.04457569122314453,0.9554243087768555
FSRQ,0.03190547227859497,0.968094527721405
BLL,0.9781132377684116,0.021886762231588364
BLL,0.9999426619615406,5.7338038459420204e-05
BLL,0.9266972318291664,0.07330276817083359
FSRQ,0.09607565402984619,0.9039243459701538
BLL,0.9885909855365753,0.011409014463424683
FSRQ,0.5646320879459381,0.4353679120540619
BLL,0.9982603144599125,0.001739685540087521
BLL,0.6092821359634399,0.39071786403656006
BLL,0.38462722301483154,0.6153727769851685
FSRQ,0.11951804161071777,0.8804819583892822
BLL,0.47824299335479736,0.5217570066452026
BLL,0.9167331233620644,0.08326687663793564
FSRQ,0.1048324704170227,0.8951675295829773
BLL,0.8177676498889923,0.1822323501110077
FSRQ,0.05240887403488159,0.9475911259651184
FSRQ,0.11657482385635376,0.8834251761436462
FSRQ,0.046656668186187744,0.9533433318138123
BLL,0.9951931633986533,0.004806836601346731
BLL,0.8151168674230576,0.18488313257694244
BLL,0.3401337265968323,0.6598662734031677
BLL,0.9911342654377222,0.008865734562277794
FSRQ,0.11582720279693604,0.884172797203064
BLL,0.9575864039361477,0.04241359606385231
FSRQ,0.10361617803573608,0.8963838219642639
BLL,0.9912046017125249,0.008795398287475109
BLL,0.942680586129427,0.057319413870573044
BLL,0.9980973348719999,0.0019026651280000806
FSRQ,0.2194042205810547,0.7805957794189453
BLL,0.09335839748382568,0.9066416025161743
BLL,0.7275570929050446,0.27244290709495544
FSRQ,0.06629449129104614,0.9337055087089539
FSRQ,0.7914723604917526,0.20852763950824738
BLL,0.9989972406765446,0.0010027593234553933
FSRQ,0.11082470417022705,0.889175295829773
BLL,0.952564463019371,0.04743553698062897
FSRQ,0.5872852802276611,0.41271471977233887
FSRQ,0.04331177473068237,0.9566882252693176
BLL,0.9935708404518664,0.006429159548133612
BLL,0.973985580727458,0.026014419272542
BLL,0.8969446495175362,0.10305535048246384
BLL,0.9924275940284133,0.007572405971586704
BLL,0.2919803857803345,0.7080196142196655
BLL,0.9973926849197596,0.002607315080240369
BLL,0.872480109333992,0.127519890666008
FSRQ,0.09738373756408691,0.9026162624359131
BLL,0.9489123970270157,0.051087602972984314
BLL,0.9589863568544388,0.04101364314556122
FSRQ,0.11854630708694458,0.8814536929130554
BLL,0.965607825666666,0.03439217433333397
FSRQ,0.8381204605102539,0.1618795394897461
BLL,0.9987057269318029,0.0012942730681970716
BLL,0.3192945718765259,0.6807054281234741
BLL,0.9919357011094689,0.008064298890531063
FSRQ,0.25341230630874634,0.7465876936912537
BLL,0.15416854619979858,0.8458314538002014
BLL,0.987825121730566,0.012174878269433975
BLL,0.5648103356361389,0.4351896643638611
BLL,0.5465589761734009,0.4534410238265991
BLL,0.9248677268624306,0.07513227313756943
BLL,0.12491714954376221,0.8750828504562378
BLL,0.9980058560613543,0.0019941439386457205
BLL,0.9998688188061351,0.00013118119386490434
FSRQ,0.8049547374248505,0.19504526257514954
BLL,0.9958060309290886,0.0041939690709114075
BLL,0.9819590020924807,0.01804099790751934
FSRQ,0.10488021373748779,0.8951197862625122
BLL,0.9781455565243959,0.021854443475604057
BLL,0.9824331849813461,0.01756681501865387
BLL,0.6142633259296417,0.3857366740703583
BLL,0.9262281954288483,0.07377180457115173
BLL,0.9947053273208439,0.005294672679156065
BLL,0.6469566822052002,0.3530433177947998
BLL,0.7634086161851883,0.2365913838148117
FSRQ,0.9895887682214379,0.010411231778562069
FSRQ,0.4498143196105957,0.5501856803894043
FSRQ,0.0904807448387146,0.9095192551612854
BLL,0.9815564043819904,0.018443595618009567
BLL,0.9404830001294613,0.05951699987053871
FSRQ,0.10165184736251831,0.8983481526374817
BLL,0.879333607852459,0.12066639214754105
BLL,0.8647089153528214,0.13529108464717865
BLL,0.9388276524841785,0.06117234751582146
BLL,0.9992705807671882,0.0007294192328117788
FSRQ,0.26093941926956177,0.7390605807304382
BLL,0.9439411237835884,0.05605887621641159
BLL,0.97436155192554,0.02563844807446003
FSRQ,0.037711143493652344,0.9622888565063477
FSRQ,0.19152837991714478,0.8084716200828552
FSRQ,0.2084050178527832,0.7915949821472168
FSRQ,0.655454158782959,0.344545841217041
BLL,0.9991524831275456,0.0008475168724544346
BLL,0.9882704159244895,0.011729584075510502
BLL,0.7349951863288879,0.26500481367111206
BLL,0.7798943668603897,0.2201056331396103
BLL,0.8988845497369766,0.10111545026302338
BLL,0.7618303894996643,0.2381696105003357
BLL,0.8510929942131042,0.14890700578689575
BLL,0.8012609332799911,0.19873906672000885
FSRQ,0.06811684370040894,0.9318831562995911
BLL,0.893710695207119,0.10628930479288101
BLL,0.9966135190334171,0.0033864809665828943
FSRQ,0.04243886470794678,0.9575611352920532
FSRQ,0.15073871612548828,0.8492612838745117
BLL,0.9981019095284864,0.0018980904715135694
FSRQ,0.8692093044519424,0.13079069554805756
BLL,0.990273118019104,0.009726881980895996
BLL,0.9991677798097953,0.00083222019020468
FSRQ,0.15945172309875488,0.8405482769012451
BLL,0.9068358913064003,0.0931641086935997
FSRQ,0.09464877843856812,0.9053512215614319
FSRQ,0.09000164270401001,0.90999835729599
BLL,0.9797374103218317,0.020262589678168297
FSRQ,0.05672675371170044,0.9432732462882996
BLL,0.8139327466487885,0.18606725335121155
BLL,0.9958291831426322,0.004170816857367754
BLL,0.7898689955472946,0.21013100445270538
FSRQ,0.07331854104995728,0.9266814589500427
BLL,0.9719682540744543,0.028031745925545692
FSRQ,0.10045641660690308,0.8995435833930969
BLL,0.9992237373371609,0.0007762626628391445
BLL,0.9768415745347738,0.023158425465226173
FSRQ,0.08080065250396729,0.9191993474960327
BLL,0.9681551791727543,0.03184482082724571
BLL,0.9135602191090584,0.08643978089094162
FSRQ,0.20443516969680786,0.7955648303031921
FSRQ,0.15466785430908203,0.845332145690918
BLL,0.6597045958042145,0.3402954041957855
BLL,0.6229303777217865,0.3770696222782135
FSRQ,0.10358172655105591,0.8964182734489441
FSRQ,0.1873963475227356,0.8126036524772644
BLL,0.9955334053374827,0.004466594662517309
BLL,0.7741422206163406,0.22585777938365936
FSRQ,0.20453226566314697,0.795467734336853
FSRQ,0.30074650049209595,0.699253499507904
BLL,0.9855451993644238,0.014454800635576248
BLL,0.7356029152870178,0.2643970847129822
BLL,0.9925564974546432,0.0074435025453567505
BLL,0.850844606757164,0.149155393242836
BLL,0.34921616315841675,0.6507838368415833
BLL,0.9985604287358001,0.0014395712641999125
FSRQ,0.15276700258255005,0.84723299741745
BLL,0.9842448644340038,0.01575513556599617
BLL,0.8664673119783401,0.13353268802165985
BLL,0.9032907113432884,0.09670928865671158
FSRQ,0.06834661960601807,0.9316533803939819
FSRQ,0.11740130186080933,0.8825986981391907
BLL,0.9062247276306152,0.09377527236938477
FSRQ,0.06980067491531372,0.9301993250846863
FSRQ,0.17280375957489014,0.8271962404251099
BLL,0.2064487338066101,0.7935512661933899
BLL,0.3189616799354553,0.6810383200645447
BLL,0.9985993617447093,0.001400638255290687
FSRQ,0.07560604810714722,0.9243939518928528
FSRQ,0.11703985929489136,0.8829601407051086
FSRQ,0.5260321497917175,0.47396785020828247
BLL,0.6138396263122559,0.38616037368774414
FSRQ,0.033236682415008545,0.9667633175849915
BLL,0.9995056317420676,0.0004943682579323649
FSRQ,0.9681858085095882,0.03181419149041176
BLL,0.19244611263275146,0.8075538873672485
BLL,0.9902597889304161,0.009740211069583893
BLL,0.9887656029313803,0.011234397068619728
BLL,0.43885838985443115,0.5611416101455688
BLL,0.7328584790229797,0.26714152097702026
BLL,0.9937233254313469,0.006276674568653107
FSRQ,0.08081340789794922,0.9191865921020508
FSRQ,0.1392260193824768,0.8607739806175232
BLL,0.8756443113088608,0.12435568869113922
BLL,0.345231294631958,0.654768705368042
BLL,0.7560956478118896,0.24390435218811035
BLL,0.9683820940554142,0.0316179059445858
FSRQ,0.12610328197479248,0.8738967180252075
BLL,0.9989927361020818,0.0010072638979181647
FSRQ,0.034162163734436035,0.965837836265564
BLL,0.3905404806137085,0.6094595193862915
BLL,0.9863242153078318,0.013675784692168236
BLL,0.5880222022533417,0.4119777977466583
FSRQ,0.31622761487960815,0.6837723851203918
BLL,0.9835467785596848,0.016453221440315247
BLL,0.9612673930823803,0.038732606917619705
BLL,0.3573342561721802,0.6426657438278198
FSRQ,0.0565834641456604,0.9434165358543396
FSRQ,0.11887091398239136,0.8811290860176086
FSRQ,0.23800569772720337,0.7619943022727966
BLL,0.9724657572805882,0.02753424271941185
BLL,0.9602916352450848,0.03970836475491524
FSRQ,0.09743112325668335,0.9025688767433167
BLL,0.998059440520592,0.0019405594794079661
BLL,0.9794607423245907,0.020539257675409317
FSRQ,0.0405879020690918,0.9594120979309082
FSRQ,0.054411351680755615,0.9455886483192444
FSRQ,0.042863547801971436,0.9571364521980286
BLL,0.971605883911252,0.028394116088747978
FSRQ,0.10599255561828613,0.8940074443817139
FSRQ,0.1745319366455078,0.8254680633544922
BLL,0.8328121900558472,0.16718780994415283
BLL,0.6290535032749176,0.3709464967250824
BLL,0.909575842320919,0.09042415767908096
FSRQ,0.21308249235153198,0.786917507648468
BLL,0.9872444337233901,0.012755566276609898
BLL,0.834513321518898,0.165486678481102
BLL,0.8546558022499084,0.14534419775009155
BLL,0.9987289919517934,0.0012710080482065678
BLL,0.8893308788537979,0.11066912114620209
BLL,0.7862484157085419,0.21375158429145813
BLL,0.9784174580127001,0.02158254198729992
BLL,0.9987857934320346,0.001214206567965448
BLL,0.9634781889617443,0.03652181103825569
BLL,0.34563833475112915,0.6543616652488708
BLL,0.9645109735429287,0.035489026457071304
BLL,0.9979678324889392,0.002032167511060834
BLL,0.8113618046045303,0.18863819539546967
BLL,0.47108691930770874,0.5289130806922913
BLL,0.9053500071167946,0.09464999288320541
FSRQ,0.07916033267974854,0.9208396673202515
BLL,0.9120460227131844,0.08795397728681564
BLL,0.9892266029492021,0.01077339705079794
FSRQ,0.021941781044006348,0.9780582189559937
BLL,0.9538780897855759,0.04612191021442413
FSRQ,0.08981353044509888,0.9101864695549011
BLL,0.9969176019076258,0.0030823980923742056
FSRQ,0.46590089797973633,0.5340991020202637
FSRQ,0.5424068868160248,0.4575931131839752
BLL,0.47947126626968384,0.5205287337303162
BLL,0.975579023361206,0.024420976638793945
BLL,0.9966530157253146,0.003346984274685383
FSRQ,0.2736971378326416,0.7263028621673584
BLL,0.9664758741855621,0.033524125814437866
FSRQ,0.08392155170440674,0.9160784482955933
BLL,0.965262096375227,0.034737903624773026
BLL,0.9976029635872692,0.002397036412730813
BLL,0.9360694736242294,0.06393052637577057
FSRQ,0.7982202768325806,0.20177972316741943
BLL,0.7165802121162415,0.28341978788375854
BLL,0.9449323639273643,0.05506763607263565
BLL,0.9992340711178258,0.0007659288821741939
FSRQ,0.07615244388580322,0.9238475561141968
FSRQ,0.13306695222854614,0.8669330477714539
BLL,0.9107966423034668,0.0892033576965332
BLL,0.957507599145174,0.042492400854825974
FSRQ,0.17990940809249878,0.8200905919075012
BLL,0.9844618169590831,0.01553818304091692
BLL,0.7252420485019684,0.2747579514980316
FSRQ,0.10849851369857788,0.8915014863014221
BLL,0.9951559100300074,0.004844089969992638
BLL,0.9633871056139469,0.036612894386053085
BLL,0.972634669393301,0.02736533060669899
BLL,0.2856166362762451,0.7143833637237549
BLL,0.99290836090222,0.007091639097779989
FSRQ,0.11101692914962769,0.8889830708503723
FSRQ,0.6909453868865967,0.3090546131134033
BLL,0.18992120027542114,0.8100787997245789
FSRQ,0.15750837326049805,0.842491626739502
BLL,0.998999992501922,0.0010000074980780482
FSRQ,0.08853530883789062,0.9114646911621094
FSRQ,0.526178389787674,0.47382161021232605
BLL,0.9871062086895108,0.012893791310489178
BLL,0.7933923006057739,0.20660769939422607
FSRQ,0.10965615510940552,0.8903438448905945
FSRQ,0.4802066683769226,0.5197933316230774
BLL,0.980016453191638,0.019983546808362007
FSRQ,0.2221752405166626,0.7778247594833374
BLL,0.4242326617240906,0.5757673382759094
BLL,0.9757014736533165,0.024298526346683502
BLL,0.9835064429789782,0.016493557021021843
FSRQ,0.20601320266723633,0.7939867973327637
BLL,0.9997907617071178,0.00020923829288221896
FSRQ,0.06537449359893799,0.934625506401062
BLL,0.5348741412162781,0.4651258587837219
FSRQ,0.27432143688201904,0.725678563117981
BLL,0.9184039160609245,0.08159608393907547
FSRQ,0.46391695737838745,0.5360830426216125
BLL,0.9923840533010662,0.00761594669893384
FSRQ,0.47766101360321045,0.5223389863967896
FSRQ,0.034496307373046875,0.9655036926269531
FSRQ,0.13894718885421753,0.8610528111457825
BLL,0.9656015783548355,0.03439842164516449
BLL,0.995137688703835,0.0048623112961649895
BLL,0.23999524116516113,0.7600047588348389
FSRQ,0.15769094228744507,0.8423090577125549
BLL,0.4260897636413574,0.5739102363586426
BLL,0.9720544368028641,0.027945563197135925
BLL,0.7640699744224548,0.23593002557754517
FSRQ,0.25206851959228516,0.7479314804077148
FSRQ,0.059542834758758545,0.9404571652412415
BLL,0.9948206236585975,0.005179376341402531
FSRQ,0.06667453050613403,0.933325469493866
BLL,0.45548826456069946,0.5445117354393005
BLL,0.7701891213655472,0.22981087863445282
BLL,0.9932231116108596,0.0067768883891403675
BLL,0.9590496905148029,0.04095030948519707
FSRQ,0.033764421939849854,0.9662355780601501
BLL,0.9875051705166698,0.01249482948333025
BLL,0.9643815942108631,0.03561840578913689
BLL,0.998264083173126,0.0017359168268740177
FSRQ,0.15257340669631958,0.8474265933036804
BLL,0.9782074876129627,0.021792512387037277
BLL,0.7260036170482635,0.27399638295173645
BLL,0.997673574835062,0.002326425164937973
FSRQ,0.08132612705230713,0.9186738729476929
FSRQ,0.114307701587677,0.885692298412323
BLL,0.3721921443939209,0.6278078556060791
BLL,0.7286614179611206,0.2713385820388794
BLL,0.6429071426391602,0.35709285736083984
BLL,0.9929844485595822,0.007015551440417767
BLL,0.9822348766028881,0.017765123397111893
FSRQ,0.06788831949234009,0.9321116805076599
BLL,0.5626215040683746,0.43737849593162537
FSRQ,0.8063844740390778,0.19361552596092224
FSRQ,0.14121460914611816,0.8587853908538818
BLL,0.9502784200012684,0.04972157999873161
BLL,0.9963763728737831,0.0036236271262168884
BLL,0.14306849241256714,0.8569315075874329
FSRQ,0.09318798780441284,0.9068120121955872
BLL,0.9331474080681801,0.06685259193181992
BLL,0.9319713115692139,0.06802868843078613
BLL,0.9989674104144797,0.001032589585520327
BLL,0.6208542883396149,0.37914571166038513
BLL,0.9988331608474255,0.0011668391525745392
BLL,0.9651695936918259,0.03483040630817413
FSRQ,0.2937163710594177,0.7062836289405823
BLL,0.7172893285751343,0.2827106714248657
BLL,0.980664636939764,0.019335363060235977
BLL,0.9889328042045236,0.011067195795476437
BLL,0.9812764227390289,0.01872357726097107
FSRQ,0.08354824781417847,0.9164517521858215
BLL,0.3246604800224304,0.6753395199775696
BLL,0.9778234865516424,0.022176513448357582
BLL,0.8904887959361076,0.10951120406389236
BLL,0.6648922264575958,0.3351077735424042
BLL,0.8601742833852768,0.1398257166147232
FSRQ,0.025698423385620117,0.9743015766143799
FSRQ,0.18050670623779297,0.819493293762207
BLL,0.9999548324667558,4.5167533244239166e-05
BLL,0.5963857769966125,0.40361422300338745
BLL,0.9333865344524384,0.06661346554756165
BLL,0.6405925154685974,0.3594074845314026
BLL,0.9445879086852074,0.05541209131479263
BLL,0.9948485186323524,0.005151481367647648
BLL,0.9332364425063133,0.06676355749368668
BLL,0.993445553816855,0.006554446183145046
BLL,0.9773089904338121,0.02269100956618786
BLL,0.9891742216423154,0.010825778357684612
BLL,0.5975758135318756,0.4024241864681244
FSRQ,0.08219009637832642,0.9178099036216736
FSRQ,0.4352419376373291,0.5647580623626709
BLL,0.9955369704402983,0.004463029559701681
BLL,0.8482792675495148,0.15172073245048523
BLL,0.9869293626397848,0.013070637360215187
BLL,0.9506446048617363,0.0493553951382637
FSRQ,0.7451525926589966,0.2548474073410034
BLL,0.9587134085595608,0.041286591440439224
BLL,0.8071608543395996,0.1928391456604004
BLL,0.9919461300596595,0.008053869940340519
BLL,0.9994205512339249,0.0005794487660750747
BLL,0.8542446792125702,0.1457553207874298
BLL,0.9609369412064552,0.03906305879354477
BLL,0.8308614492416382,0.16913855075836182
BLL,0.49781334400177,0.50218665599823
BLL,0.1248047947883606,0.8751952052116394
BLL,0.8262133151292801,0.1737866848707199
FSRQ,0.03409796953201294,0.9659020304679871
FSRQ,0.11437958478927612,0.8856204152107239
FSRQ,0.023872792720794678,0.9761272072792053
BLL,0.8308414369821548,0.16915856301784515
FSRQ,0.12633246183395386,0.8736675381660461
BLL,0.6156356930732727,0.3843643069267273
BLL,0.9897367171943188,0.010263282805681229
BLL,0.9741408042609692,0.025859195739030838
FSRQ,0.0475308895111084,0.9524691104888916
BLL,0.9960841704159975,0.003915829584002495
FSRQ,0.17387938499450684,0.8261206150054932
BLL,0.7169217467308044,0.28307825326919556
BLL,0.6057377755641937,0.3942622244358063
FSRQ,0.11765784025192261,0.8823421597480774
BLL,0.997666897252202,0.002333102747797966
FSRQ,0.26825040578842163,0.7317495942115784
BLL,0.7049979865550995,0.2950020134449005
FSRQ,0.23335278034210205,0.766647219657898
BLL,0.9389476180076599,0.06105238199234009
BLL,0.9955094950273633,0.0044905049726367
BLL,0.9952826853841543,0.00471731461584568
BLL,0.9324656799435616,0.06753432005643845
FSRQ,0.09171134233474731,0.9082886576652527
FSRQ,0.052873313426971436,0.9471266865730286
FSRQ,0.08475416898727417,0.9152458310127258
BLL,0.9134129360318184,0.08658706396818161
FSRQ,0.06123518943786621,0.9387648105621338
FSRQ,0.17559725046157837,0.8244027495384216
BLL,0.9529023095965385,0.047097690403461456
BLL,0.34476733207702637,0.6552326679229736
BLL,0.49796587228775024,0.5020341277122498
FSRQ,0.05361884832382202,0.946381151676178
FSRQ,0.7837962210178375,0.21620377898216248
FSRQ,0.11634308099746704,0.883656919002533
BLL,0.5094156265258789,0.4905843734741211
BLL,0.9742483422160149,0.025751657783985138
FSRQ,0.07212233543395996,0.92787766456604
FSRQ,0.10862773656845093,0.8913722634315491
BLL,0.9990046145394444,0.0009953854605555534
BLL,0.9939888902008533,0.006011109799146652
FSRQ,0.33717817068099976,0.6628218293190002
FSRQ,0.3054425120353699,0.6945574879646301
BLL,0.9886328317224979,0.01136716827750206
BLL,0.9127872213721275,0.08721277862787247
BLL,0.6401304006576538,0.3598695993423462
BLL,0.9727394599467516,0.027260540053248405
BLL,0.9120494425296783,0.08795055747032166
BLL,0.5528686046600342,0.4471313953399658
BLL,0.9077936634421349,0.09220633655786514
BLL,0.9935094830580056,0.006490516941994429
FSRQ,0.17470383644104004,0.82529616355896
FSRQ,0.06065165996551514,0.9393483400344849
FSRQ,0.1283690333366394,0.8716309666633606
FSRQ,0.26932668685913086,0.7306733131408691
FSRQ,0.27448123693466187,0.7255187630653381
BLL,0.9993185409111902,0.0006814590888097882
BLL,0.5750893652439117,0.42491063475608826
BLL,0.9904941450804472,0.009505854919552803
BLL,0.9976992877200246,0.0023007122799754143
FSRQ,0.16946661472320557,0.8305333852767944
FSRQ,0.10088884830474854,0.8991111516952515
BLL,0.9826058782637119,0.01739412173628807
BLL,0.5115431249141693,0.4884568750858307
FSRQ,0.16933947801589966,0.8306605219841003
FSRQ,0.11421030759811401,0.885789692401886
BLL,0.9946478647179902,0.00535213528200984
BLL,0.8066229224205017,0.1933770775794983
BLL,0.9918780848383904,0.00812191516160965
FSRQ,0.20068150758743286,0.7993184924125671
BLL,0.9757304973900318,0.024269502609968185
BLL,0.8693389445543289,0.13066105544567108
FSRQ,0.12312483787536621,0.8768751621246338
BLL,0.9874974843114614,0.012502515688538551
BLL,0.9591061137616634,0.04089388623833656
FSRQ,0.44434040784835815,0.5556595921516418
BLL,0.9922162685543299,0.007783731445670128
BLL,0.9938958832062781,0.006104116793721914
BLL,0.9880227679386735,0.011977232061326504
BLL,0.9867081511765718,0.013291848823428154
FSRQ,0.37507355213165283,0.6249264478683472
BLL,0.9995045500108972,0.0004954499891027808
BLL,0.2208094596862793,0.7791905403137207
FSRQ,0.09049689769744873,0.9095031023025513
FSRQ,0.08831518888473511,0.9116848111152649
BLL,0.9739793445914984,0.026020655408501625
FSRQ,0.07457470893859863,0.9254252910614014
FSRQ,0.1474035382270813,0.8525964617729187
BLL,0.9410136379301548,0.0589863620698452
BLL,0.9993308329139836,0.0006691670860163867
BLL,0.2708595395088196,0.7291404604911804
BLL,0.6632268130779266,0.33677318692207336
BLL,0.9880627607926726,0.011937239207327366
BLL,0.9511491134762764,0.0488508865237236
BLL,0.987932164222002,0.01206783577799797
FSRQ,0.1057615876197815,0.8942384123802185
FSRQ,0.3989309072494507,0.6010690927505493
BLL,0.9819156192243099,0.01808438077569008
FSRQ,0.41184157133102417,0.5881584286689758
BLL,0.3700348138809204,0.6299651861190796
FSRQ,0.20909816026687622,0.7909018397331238
FSRQ,0.07270443439483643,0.9272955656051636
FSRQ,0.7543115317821503,0.24568846821784973
FSRQ,0.055656611919403076,0.9443433880805969
BLL,0.8014138340950012,0.19858616590499878
FSRQ,0.059210777282714844,0.9407892227172852
BLL,0.9598474875092506,0.04015251249074936
FSRQ,0.10803312063217163,0.8919668793678284
BLL,0.9801496416330338,0.019850358366966248
BLL,0.3126458525657654,0.6873541474342346
BLL,0.9987650274997577,0.0012349725002422929
FSRQ,0.14359593391418457,0.8564040660858154
BLL,0.9657310135662556,0.03426898643374443
FSRQ,0.06834608316421509,0.9316539168357849
BLL,0.7232007384300232,0.2767992615699768
FSRQ,0.1112973690032959,0.8887026309967041
BLL,0.9992268549394794,0.0007731450605206192
FSRQ,0.8779258579015732,0.12207414209842682
BLL,0.9701470583677292,0.029852941632270813
BLL,0.9049136117100716,0.09508638828992844
FSRQ,0.07720571756362915,0.9227942824363708
BLL,0.9921641256660223,0.0078358743339777
BLL,0.9684868343174458,0.031513165682554245
FSRQ,0.543095588684082,0.45690441131591797
BLL,0.9687584917992353,0.031241508200764656
FSRQ,0.34084761142730713,0.6591523885726929
BLL,0.9971252845134586,0.0028747154865413904
BLL,0.9694031458348036,0.03059685416519642
BLL,0.9422777034342289,0.0577222965657711
BLL,0.9994129048427567,0.0005870951572433114
FSRQ,0.1842646598815918,0.8157353401184082
BLL,0.7237396538257599,0.2762603461742401
BLL,0.949209526181221,0.05079047381877899
FSRQ,0.16646194458007812,0.8335380554199219
FSRQ,0.13906824588775635,0.8609317541122437
BLL,0.9966563624329865,0.003343637567013502
BLL,0.8063791841268539,0.19362081587314606
BLL,0.9576336219906807,0.042366378009319305
BLL,0.9667609669268131,0.033239033073186874
BLL,0.8074164837598801,0.19258351624011993
BLL,0.8672577440738678,0.1327422559261322
FSRQ,0.1513654589653015,0.8486345410346985
BLL,0.9281871393322945,0.07181286066770554
FSRQ,0.3397895097732544,0.6602104902267456
BLL,0.5249004364013672,0.4750995635986328
FSRQ,0.5752319693565369,0.42476803064346313
BLL,0.9952843240462244,0.004715675953775644
BLL,0.3841705918312073,0.6158294081687927
BLL,0.995885796379298,0.004114203620702028
FSRQ,0.20714956521987915,0.7928504347801208
FSRQ,0.21283501386642456,0.7871649861335754
BLL,0.712204098701477,0.28779590129852295
FSRQ,0.12060016393661499,0.879399836063385
BLL,0.3563457131385803,0.6436542868614197
BLL,0.9525039941072464,0.0474960058927536
BLL,0.9970124054234475,0.0029875945765525103
BLL,0.9928645449690521,0.007135455030947924
FSRQ,0.9836515076458454,0.016348492354154587
BLL,0.7864093482494354,0.21359065175056458
FSRQ,0.19096803665161133,0.8090319633483887
FSRQ,0.27983206510543823,0.7201679348945618
BLL,0.9849384734407067,0.01506152655929327
FSRQ,0.24792826175689697,0.752071738243103
BLL,0.999438451952301,0.0005615480476990342
BLL,0.9567249566316605,0.04327504336833954
BLL,0.9998782099501113,0.00012179004988865927
FSRQ,0.184695303440094,0.815304696559906
BLL,0.46649742126464844,0.5335025787353516
FSRQ,0.20153558254241943,0.7984644174575806
BLL,0.9869805704802275,0.01301942951977253
FSRQ,0.06138873100280762,0.9386112689971924
BLL,0.8167142570018768,0.18328574299812317
FSRQ,0.20598453283309937,0.7940154671669006
BLL,0.8793812170624733,0.1206187829375267
FSRQ,0.1275174617767334,0.8724825382232666
BLL,0.996918841265142,0.003081158734858036
BLL,0.9941089483909309,0.005891051609069109
BLL,0.9270152598619461,0.0729847401380539
FSRQ,0.034057796001434326,0.9659422039985657
FSRQ,0.05243939161300659,0.9475606083869934
FSRQ,0.16319113969802856,0.8368088603019714
BLL,0.989254729822278,0.010745270177721977
BLL,0.4951726794242859,0.5048273205757141
FSRQ,0.17303037643432617,0.8269696235656738
BLL,0.3462296724319458,0.6537703275680542
FSRQ,0.1084134578704834,0.8915865421295166
BLL,0.9950202330946922,0.00497976690530777
BLL,0.9426313973963261,0.057368602603673935
FSRQ,0.11372518539428711,0.8862748146057129
FSRQ,0.0847582221031189,0.9152417778968811
BLL,0.5278245806694031,0.4721754193305969
BLL,0.9925966006703675,0.007403399329632521
BLL,0.9947866522707045,0.005213347729295492
BLL,0.9481922350823879,0.051807764917612076
BLL,0.9968357211910188,0.00316427880898118
BLL,0.29184627532958984,0.7081537246704102
BLL,0.9953033002093434,0.004696699790656567
BLL,0.9577006436884403,0.04229935631155968
FSRQ,0.1126394271850586,0.8873605728149414
BLL,0.9667792804539204,0.033220719546079636
BLL,0.889312818646431,0.11068718135356903
FSRQ,0.4910978078842163,0.5089021921157837
FSRQ,0.1089789867401123,0.8910210132598877
BLL,0.905509889125824,0.09449011087417603
FSRQ,0.9815722145140171,0.018427785485982895
BLL,0.9912851937115192,0.008714806288480759
FSRQ,0.09750604629516602,0.902493953704834
BLL,0.8753282576799393,0.12467174232006073
FSRQ,0.07031935453414917,0.9296806454658508
BLL,0.3984947204589844,0.6015052795410156
BLL,0.5204248428344727,0.47957515716552734
BLL,0.879841074347496,0.12015892565250397
BLL,0.7898476272821426,0.21015237271785736
BLL,0.9958545044064522,0.004145495593547821
BLL,0.7294231355190277,0.2705768644809723
BLL,0.9945156872272491,0.0054843127727508545
FSRQ,0.014607846736907959,0.985392153263092
FSRQ,0.0841752290725708,0.9158247709274292
BLL,0.9888817565515637,0.01111824344843626
BLL,0.9985308418981731,0.0014691581018269062
FSRQ,0.1725446581840515,0.8274553418159485
BLL,0.29477959871292114,0.7052204012870789
BLL,0.6301908195018768,0.36980918049812317
BLL,0.9465421512722969,0.053457848727703094
BLL,0.9896571468561888,0.010342853143811226
BLL,0.8874485641717911,0.11255143582820892
BLL,0.806938424706459,0.19306157529354095
FSRQ,0.2497456669807434,0.7502543330192566
FSRQ,0.696369081735611,0.30363091826438904
BLL,0.992195846978575,0.007804153021425009
BLL,0.858379453420639,0.14162054657936096
FSRQ,0.11175549030303955,0.8882445096969604
FSRQ,0.03799360990524292,0.9620063900947571
FSRQ,0.14132016897201538,0.8586798310279846
BLL,0.9997747452289332,0.00022525477106682956
BLL,0.9680597111582756,0.031940288841724396
BLL,0.9874321287497878,0.012567871250212193
BLL,0.7120562195777893,0.2879437804222107
FSRQ,0.45735639333724976,0.5426436066627502
BLL,0.9982388087082654,0.0017611912917345762
BLL,0.9948886618949473,0.00511133810505271
FSRQ,0.06531304121017456,0.9346869587898254
FSRQ,0.12182670831680298,0.878173291683197
FSRQ,0.1422572135925293,0.8577427864074707
FSRQ,0.15213412046432495,0.847865879535675
FSRQ,0.2706755995750427,0.7293244004249573
BLL,0.9122025296092033,0.08779747039079666
FSRQ,0.39425575733184814,0.6057442426681519
BLL,0.9944991427473724,0.005500857252627611
BLL,0.9999915635498837,8.436450116278138e-06
BLL,0.8165015280246735,0.18349847197532654
BLL,0.9898075368255377,0.010192463174462318
FSRQ,0.10189515352249146,0.8981048464775085
FSRQ,0.13550066947937012,0.8644993305206299
FSRQ,0.21409505605697632,0.7859049439430237
BLL,0.9999925879283182,7.4120716817560606e-06
FSRQ,0.08345824480056763,0.9165417551994324
BLL,0.843145951628685,0.156854048371315
BLL,0.9651834256947041,0.034816574305295944
FSRQ,0.4075677990913391,0.5924322009086609
FSRQ,0.5032080709934235,0.49679192900657654
BLL,0.9987297985935584,0.001270201406441629
BLL,0.8908771499991417,0.1091228500008583
FSRQ,0.07722944021224976,0.9227705597877502
BLL,0.8191069513559341,0.18089304864406586
FSRQ,0.02424710988998413,0.9757528901100159
BLL,0.5125475525856018,0.4874524474143982
BLL,0.9956248602829874,0.004375139717012644
BLL,0.9577033668756485,0.0422966331243515
BLL,0.8715385347604752,0.12846146523952484
BLL,0.9998426074162126,0.00015739258378744125
FSRQ,0.3196113109588623,0.6803886890411377
BLL,0.3747801184654236,0.6252198815345764
BLL,0.9386969730257988,0.0613030269742012
BLL,0.9912937078624964,0.008706292137503624
BLL,0.20955902338027954,0.7904409766197205
FSRQ,0.1101803183555603,0.8898196816444397
FSRQ,0.12803775072097778,0.8719622492790222
BLL,0.6462486982345581,0.3537513017654419
BLL,0.9923549685627222,0.007645031437277794
BLL,0.49988746643066406,0.5001125335693359
FSRQ,0.1009560227394104,0.8990439772605896
FSRQ,0.16316890716552734,0.8368310928344727
BLL,0.9926701365038753,0.007329863496124744
FSRQ,0.44939571619033813,0.5506042838096619
BLL,0.9501447826623917,0.04985521733760834
BLL,0.9925269316881895,0.0074730683118104935
BLL,0.9963227561675012,0.003677243832498789
BLL,0.9771280065178871,0.022871993482112885
BLL,0.9995731072267517,0.00042689277324825525
BLL,0.8939486667513847,0.10605133324861526
BLL,0.8669105619192123,0.13308943808078766
FSRQ,0.16336679458618164,0.8366332054138184
FSRQ,0.41913455724716187,0.5808654427528381
FSRQ,0.12662744522094727,0.8733725547790527
FSRQ,0.025289535522460938,0.9747104644775391
BLL,0.8612249493598938,0.1387750506401062
BLL,0.9449059814214706,0.05509401857852936
BLL,0.950315997004509,0.04968400299549103
FSRQ,0.8418646901845932,0.1581353098154068
FSRQ,0.3183113932609558,0.6816886067390442
FSRQ,0.18285608291625977,0.8171439170837402
BLL,0.6478381454944611,0.35216185450553894
FSRQ,0.047865450382232666,0.9521345496177673
BLL,0.99724301090464,0.0027569890953600407
BLL,0.9893612498417497,0.010638750158250332
BLL,0.9942043656483293,0.005795634351670742
FSRQ,0.1321336030960083,0.8678663969039917
FSRQ,0.04899120330810547,0.9510087966918945
FSRQ,0.07639479637145996,0.92360520362854
BLL,0.9964940852951258,0.003505914704874158
FSRQ,0.060981810092926025,0.939018189907074
BLL,0.8390528708696365,0.16094712913036346
BLL,0.4593695402145386,0.5406304597854614
FSRQ,0.31505244970321655,0.6849475502967834
BLL,0.964028999209404,0.03597100079059601
FSRQ,0.10249215364456177,0.8975078463554382
BLL,0.5675594508647919,0.43244054913520813
BLL,0.9624787531793118,0.03752124682068825
BLL,0.8299035876989365,0.17009641230106354
BLL,0.3262867331504822,0.6737132668495178
BLL,0.5517988502979279,0.44820114970207214
BLL,0.9991898612352088,0.0008101387647911906
BLL,0.8906855285167694,0.10931447148323059
FSRQ,0.11487466096878052,0.8851253390312195
FSRQ,0.039781272411346436,0.9602187275886536
BLL,0.9985783229349181,0.0014216770650818944
BLL,0.8565454185009003,0.14345458149909973
BLL,0.8219095766544342,0.1780904233455658
BLL,0.9946608780883253,0.005339121911674738
FSRQ,0.11668455600738525,0.8833154439926147
BLL,0.9771622009575367,0.022837799042463303
FSRQ,0.32743191719055176,0.6725680828094482
BLL,0.8999098911881447,0.10009010881185532
FSRQ,0.11505061388015747,0.8849493861198425
FSRQ,0.029666602611541748,0.9703333973884583
BLL,0.8108671009540558,0.1891328990459442
FSRQ,0.10794752836227417,0.8920524716377258
BLL,0.9993035606457852,0.0006964393542148173
FSRQ,0.06195187568664551,0.9380481243133545
FSRQ,0.2748680114746094,0.7251319885253906
FSRQ,0.24991846084594727,0.7500815391540527
BLL,0.9990506987087429,0.000949301291257143
FSRQ,0.03864973783493042,0.9613502621650696
BLL,0.9515596777200699,0.048440322279930115
BLL,0.9999060911723063,9.390882769366726e-05
BLL,0.7021051645278931,0.29789483547210693
BLL,0.7457765638828278,0.25422343611717224
FSRQ,0.08915382623672485,0.9108461737632751
FSRQ,0.1372198462486267,0.8627801537513733
FSRQ,0.401985764503479,0.598014235496521
BLL,0.9977208040654659,0.002279195934534073
BLL,0.9974971297197044,0.0025028702802956104
FSRQ,0.09717589616775513,0.9028241038322449
BLL,0.9090229123830795,0.09097708761692047
FSRQ,0.12889987230300903,0.871100127696991
FSRQ,0.14445871114730835,0.8555412888526917
FSRQ,0.37550681829452515,0.6244931817054749
FSRQ,0.12827461957931519,0.8717253804206848
BLL,0.9998802908594371,0.00011970914056291804
FSRQ,0.21382951736450195,0.786170482635498
BLL,0.9893952952697873,0.010604704730212688
FSRQ,0.09045755863189697,0.909542441368103
BLL,0.7708948254585266,0.2291051745414734
BLL,0.9977965755388141,0.002203424461185932
BLL,0.9642278328537941,0.0357721671462059
BLL,0.09824001789093018,0.9017599821090698
BLL,0.9065341651439667,0.09346583485603333
BLL,0.8010965883731842,0.1989034116268158
BLL,0.9978706673718989,0.0021293326281011105
BLL,0.9996685605728999,0.000331439427100122
FSRQ,0.11202365159988403,0.887976348400116
BLL,0.8822227790951729,0.11777722090482712
BLL,0.9857961414381862,0.014203858561813831
BLL,0.6017500758171082,0.39824992418289185
BLL,0.7014859616756439,0.2985140383243561
BLL,0.948501493781805,0.05149850621819496
FSRQ,0.18593686819076538,0.8140631318092346
BLL,0.9777231849730015,0.02227681502699852
BLL,0.3511660695075989,0.6488339304924011
BLL,0.9856563983485103,0.014343601651489735
BLL,0.9637893661856651,0.03621063381433487
BLL,0.6698766350746155,0.3301233649253845
BLL,0.9827423244714737,0.017257675528526306
BLL,0.9822910614311695,0.01770893856883049
BLL,0.8947541788220406,0.10524582117795944
BLL,0.06648975610733032,0.9335102438926697
BLL,0.9438968002796173,0.05610319972038269
FSRQ,0.171311616897583,0.828688383102417
FSRQ,0.13894003629684448,0.8610599637031555
FSRQ,0.1472192406654358,0.8527807593345642
FSRQ,0.25556546449661255,0.7444345355033875
FSRQ,0.2509968876838684,0.7490031123161316
FSRQ,0.07095897197723389,0.9290410280227661
BLL,0.9961762700695544,0.003823729930445552
BLL,0.7604882419109344,0.23951175808906555
BLL,0.896494910120964,0.10350508987903595
BLL,0.7182677984237671,0.2817322015762329
BLL,0.5586934089660645,0.44130659103393555
BLL,0.9682834558188915,0.031716544181108475
BLL,0.6568334996700287,0.3431665003299713
BLL,0.5502655506134033,0.4497344493865967
BLL,0.9835502505302429,0.01644974946975708
BLL,0.8970454335212708,0.10295456647872925
BLL,0.9541651830077171,0.04583481699228287
BLL,0.7826777845621109,0.2173222154378891
BLL,0.2717437148094177,0.7282562851905823
BLL,0.9975671702995896,0.002432829700410366
BLL,0.6760615110397339,0.3239384889602661
BLL,0.9642246253788471,0.03577537462115288
BLL,0.9486401565372944,0.05135984346270561
FSRQ,0.05577683448791504,0.944223165512085
BLL,0.7423109710216522,0.2576890289783478
BLL,0.9987887224415317,0.0012112775584682822
BLL,0.8641102164983749,0.13588978350162506
FSRQ,0.1268412470817566,0.8731587529182434
BLL,0.9168982580304146,0.08310174196958542
BLL,0.9891637377440929,0.010836262255907059
FSRQ,0.7964935004711151,0.2035064995288849
BLL,0.9584979675710201,0.041502032428979874
BLL,0.9839223325252533,0.016077667474746704
BLL,0.9917936138808727,0.008206386119127274
BLL,0.9440069571137428,0.05599304288625717
BLL,0.9852384962141514,0.014761503785848618
FSRQ,0.8213671445846558,0.17863285541534424
FSRQ,0.18791496753692627,0.8120850324630737
FSRQ,0.3314228653907776,0.6685771346092224
FSRQ,0.24210584163665771,0.7578941583633423
BLL,0.7701204121112823,0.22987958788871765
FSRQ,0.09527885913848877,0.9047211408615112
FSRQ,0.09712189435958862,0.9028781056404114
BLL,0.9638777002692223,0.03612229973077774
BLL,0.9873808156698942,0.012619184330105782
BLL,0.848851814866066,0.15114818513393402
BLL,0.9003685563802719,0.09963144361972809
BLL,0.15472644567489624,0.8452735543251038
FSRQ,0.8533095717430115,0.14669042825698853
FSRQ,0.03185504674911499,0.968144953250885
BLL,0.27565866708755493,0.7243413329124451
BLL,0.8445732444524765,0.1554267555475235
BLL,0.5559904277324677,0.44400957226753235
BLL,0.9858937030658126,0.014106296934187412
BLL,0.590319037437439,0.40968096256256104
BLL,0.9165136516094208,0.08348634839057922
BLL,0.3524555563926697,0.6475444436073303
BLL,0.8253904730081558,0.17460952699184418
BLL,0.9603059887886047,0.039694011211395264
FSRQ,0.2600770592689514,0.7399229407310486
BLL,0.9559024050831795,0.044097594916820526
BLL,0.8891538009047508,0.11084619909524918
FSRQ,0.04114753007888794,0.9588524699211121
FSRQ,0.06521826982498169,0.9347817301750183
BLL,0.9997450166556519,0.0002549833443481475
BLL,0.7570689916610718,0.24293100833892822
BLL,0.998701884993352,0.001298115006648004
BLL,0.9996703970246017,0.0003296029753983021
BLL,0.9701264388859272,0.0298735611140728
BLL,0.979443022981286,0.02055697701871395
FSRQ,0.17670392990112305,0.823296070098877
FSRQ,0.09360313415527344,0.9063968658447266
BLL,0.9715979266911745,0.028402073308825493
FSRQ,0.13854026794433594,0.8614597320556641
BLL,0.991197481751442,0.008802518248558044
BLL,0.9677569456398487,0.03224305436015129
BLL,0.8542015701532364,0.1457984298467636
BLL,0.9945295113138855,0.00547048868611455
BLL,0.8564404100179672,0.14355958998203278
BLL,0.9972539399750531,0.002746060024946928
FSRQ,0.34161901473999023,0.6583809852600098
FSRQ,0.11387985944747925,0.8861201405525208
FSRQ,0.020202577114105225,0.9797974228858948
BLL,0.9876360632479191,0.012363936752080917
BLL,0.9996021488914266,0.00039785110857337713
BLL,0.9975225406233221,0.0024774593766778708
BLL,0.7735783904790878,0.22642160952091217
FSRQ,0.20167428255081177,0.7983257174491882
BLL,0.5161226093769073,0.48387739062309265
BLL,0.9908440094441175,0.009155990555882454
BLL,0.9994947175728157,0.0005052824271842837
BLL,0.27301353216171265,0.7269864678382874
FSRQ,0.11757725477218628,0.8824227452278137
BLL,0.982220159843564,0.017779840156435966
BLL,0.9796540886163712,0.020345911383628845
FSRQ,0.08773082494735718,0.9122691750526428
FSRQ,0.23418569564819336,0.7658143043518066
BLL,0.7431561946868896,0.25684380531311035
FSRQ,0.24158000946044922,0.7584199905395508
FSRQ,0.7665602713823318,0.23343972861766815
FSRQ,0.04966628551483154,0.9503337144851685
FSRQ,0.03683209419250488,0.9631679058074951
BLL,0.732492208480835,0.26750779151916504
FSRQ,0.4130359888076782,0.5869640111923218
FSRQ,0.009896278381347656,0.9901037216186523
FSRQ,0.0397225022315979,0.9602774977684021
BLL,0.8979973942041397,0.10200260579586029
BLL,0.9307848140597343,0.06921518594026566
BLL,0.9930944424122572,0.0069055575877428055
BLL,0.9959388365969062,0.004061163403093815
BLL,0.7730025798082352,0.22699742019176483
BLL,0.998226678580977,0.0017733214190229774
FSRQ,0.18051046133041382,0.8194895386695862
BLL,0.7601967304944992,0.2398032695055008
BLL,0.9950994239188731,0.004900576081126928
BLL,0.9999740882503829,2.5911749617080204e-05
BLL,0.9951687147840858,0.004831285215914249
BLL,0.9946576920337975,0.0053423079662024975
FSRQ,0.20910167694091797,0.790898323059082
BLL,0.8968162536621094,0.10318374633789062
BLL,0.9951932341791689,0.00480676582083106
BLL,0.41544800996780396,0.584551990032196
FSRQ,0.1825149655342102,0.8174850344657898
FSRQ,0.2756652235984802,0.7243347764015198
BLL,0.9763382058590651,0.023661794140934944
FSRQ,0.3783596158027649,0.6216403841972351
BLL,0.9690023008733988,0.03099769912660122
BLL,0.7638752907514572,0.23612470924854279
BLL,0.9767375905066729,0.02326240949332714
FSRQ,0.077281653881073,0.922718346118927
BLL,0.8994961678981781,0.1005038321018219
BLL,0.9886732883751392,0.011326711624860764
BLL,0.9909307509660721,0.009069249033927917
FSRQ,0.7856983542442322,0.21430164575576782
FSRQ,0.5266642272472382,0.47333577275276184
FSRQ,0.02957284450531006,0.9704271554946899
BLL,0.9456762783229351,0.054323721677064896
FSRQ,0.43552666902542114,0.5644733309745789
BLL,0.4108439087867737,0.5891560912132263
FSRQ,0.08836638927459717,0.9116336107254028
BLL,0.9220499023795128,0.07795009762048721
BLL,0.9702822007238865,0.02971779927611351
BLL,0.9914981964975595,0.008501803502440453
BLL,0.9501380734145641,0.04986192658543587
BLL,0.9032069072127342,0.09679309278726578
BLL,0.9962073464412242,0.0037926535587757826
BLL,0.9891492333263159,0.01085076667368412
BLL,0.9462169595062733,0.05378304049372673
BLL,0.8239312767982483,0.1760687232017517
BLL,0.99321319302544,0.006786806974560022
BLL,0.8427163660526276,0.15728363394737244
BLL,0.9744012374430895,0.025598762556910515
BLL,0.9998777220316697,0.0001222779683303088
BLL,0.9991222415701486,0.000877758429851383
BLL,0.9995043228263967,0.0004956771736033261
FSRQ,0.5607626438140869,0.4392373561859131
BLL,0.9205191284418106,0.07948087155818939
FSRQ,0.0855025053024292,0.9144974946975708
BLL,0.9939349195919931,0.0060650804080069065
BLL,0.7147790193557739,0.2852209806442261
BLL,0.20144915580749512,0.7985508441925049
BLL,0.9027267396450043,0.09727326035499573
BLL,0.6811067759990692,0.3188932240009308
BLL,0.978227173909545,0.021772826090455055
BLL,0.9604237452149391,0.03957625478506088
BLL,0.9604203030467033,0.03957969695329666
BLL,0.9941923934966326,0.005807606503367424
BLL,0.8608353734016418,0.13916462659835815
BLL,0.991942117922008,0.008057882077991962
BLL,0.9618169106543064,0.03818308934569359
BLL,0.9965135355014354,0.003486464498564601
BLL,0.9982390920631588,0.0017609079368412495
BLL,0.993119778111577,0.006880221888422966
BLL,0.6072863936424255,0.39271360635757446
BLL,0.8427286148071289,0.1572713851928711
BLL,0.8923341631889343,0.10766583681106567
FSRQ,0.025947093963623047,0.974052906036377
FSRQ,0.07486069202423096,0.925139307975769
BLL,0.9993064167210832,0.0006935832789167762
BLL,0.9422031827270985,0.057796817272901535
BLL,0.39621609449386597,0.603783905506134
BLL,0.9886722303926945,0.011327769607305527
FSRQ,0.07323741912841797,0.926762580871582
BLL,0.999620418442646,0.0003795815573539585
BLL,0.4022815227508545,0.5977184772491455
BLL,0.8934887796640396,0.10651122033596039
BLL,0.9980104370042682,0.0019895629957318306
FSRQ,0.2475038766860962,0.7524961233139038
FSRQ,0.03661549091339111,0.9633845090866089
FSRQ,0.1497371792793274,0.8502628207206726
BLL,0.9517158009111881,0.048284199088811874
BLL,0.8772714287042618,0.12272857129573822
BLL,0.9770247749984264,0.022975225001573563
BLL,0.866032063961029,0.13396793603897095
FSRQ,0.12752598524093628,0.8724740147590637
BLL,0.791568323969841,0.208431676030159
FSRQ,0.9327488467097282,0.06725115329027176
FSRQ,0.017822623252868652,0.9821773767471313
FSRQ,0.025562584400177002,0.974437415599823
BLL,0.8810951188206673,0.11890488117933273
FSRQ,0.14573413133621216,0.8542658686637878
BLL,0.9933472317643464,0.006652768235653639
BLL,0.6279798448085785,0.3720201551914215
BLL,0.04334646463394165,0.9566535353660583
FSRQ,0.32237857580184937,0.6776214241981506
BLL,0.6977735161781311,0.3022264838218689
FSRQ,0.29123055934906006,0.7087694406509399
FSRQ,0.04508775472640991,0.9549122452735901
BLL,0.9863398876041174,0.013660112395882607
BLL,0.9942951370030642,0.005704862996935844
BLL,0.9979092658031732,0.0020907341968268156
BLL,0.9803858976811171,0.019614102318882942
BLL,0.37189042568206787,0.6281095743179321
BLL,0.9859849000349641,0.014015099965035915
FSRQ,0.12474232912063599,0.875257670879364
BLL,0.9131401628255844,0.08685983717441559
BLL,0.996485996292904,0.0035140037070959806
BLL,0.9975647053215653,0.0024352946784347296
FSRQ,0.031229138374328613,0.9687708616256714
BLL,0.8343446403741837,0.16565535962581635
BLL,0.939205352216959,0.060794647783041
FSRQ,0.15127813816070557,0.8487218618392944
BLL,0.7615693062543869,0.2384306937456131
BLL,0.9985806355252862,0.0014193644747138023
BLL,0.9133076146245003,0.08669238537549973
BLL,0.948450468480587,0.051549531519412994
FSRQ,0.7377834022045135,0.26221659779548645
FSRQ,0.10167616605758667,0.8983238339424133
BLL,0.9837772939354181,0.01622270606458187
BLL,0.9807566050440073,0.0192433949559927
BLL,0.6619600355625153,0.33803996443748474
BLL,0.9991711717448197,0.0008288282551802695
BLL,0.8420497626066208,0.1579502373933792
FSRQ,0.16296404600143433,0.8370359539985657
BLL,0.9903852725401521,0.009614727459847927
BLL,0.9930248088203371,0.006975191179662943
BLL,0.9913749573752284,0.008625042624771595
BLL,0.8967778235673904,0.10322217643260956
BLL,0.284298300743103,0.715701699256897
FSRQ,0.1404629349708557,0.8595370650291443
BLL,0.9504082687199116,0.049591731280088425
FSRQ,0.17441654205322266,0.8255834579467773
BLL,0.9095140695571899,0.09048593044281006
BLL,0.9971348175313324,0.0028651824686676264
BLL,0.9912626193836331,0.008737380616366863
FSRQ,0.023381948471069336,0.9766180515289307
BLL,0.6037876307964325,0.3962123692035675
BLL,0.5132482349872589,0.4867517650127411
BLL,0.8667511492967606,0.13324885070323944
BLL,0.9993073579971679,0.0006926420028321445
BLL,0.9978337958455086,0.0021662041544914246
FSRQ,0.3403916358947754,0.6596083641052246
FSRQ,0.11895996332168579,0.8810400366783142
BLL,0.9970954877790064,0.002904512220993638
BLL,0.9993165621417575,0.0006834378582425416
FSRQ,0.053180813789367676,0.9468191862106323
FSRQ,0.0254286527633667,0.9745713472366333
BLL,0.9927882016636431,0.007211798336356878
FSRQ,0.06971508264541626,0.9302849173545837
BLL,0.9965250238310546,0.0034749761689454317
FSRQ,0.09099817276000977,0.9090018272399902
BLL,0.9990506517351605,0.0009493482648395002
BLL,0.9834100119769573,0.01658998802304268
BLL,0.9939201385714114,0.006079861428588629
FSRQ,0.15942198038101196,0.840578019618988
BLL,0.09620809555053711,0.9037919044494629
BLL,0.9349881261587143,0.0650118738412857
BLL,0.9360416904091835,0.0639583095908165
BLL,0.9143453687429428,0.08565463125705719
BLL,0.9840918611735106,0.01590813882648945
FSRQ,0.2013866901397705,0.7986133098602295
BLL,0.9627512358129025,0.03724876418709755
FSRQ,0.2336013913154602,0.7663986086845398
BLL,0.9823732636868954,0.01762673631310463
FSRQ,0.12715840339660645,0.8728415966033936
BLL,0.9974402445368469,0.002559755463153124
BLL,0.903229646384716,0.09677035361528397
FSRQ,0.15679824352264404,0.843201756477356
BLL,0.9865900268778205,0.013409973122179508
FSRQ,0.8200030475854874,0.17999695241451263
BLL,0.9871624438092113,0.012837556190788746
BLL,0.9707346297800541,0.029265370219945908
BLL,0.2759101986885071,0.7240898013114929
BLL,0.9921877421438694,0.0078122578561306
BLL,0.48955750465393066,0.5104424953460693
BLL,0.9599114581942558,0.04008854180574417
FSRQ,0.9302313700318336,0.06976862996816635
FSRQ,0.9959102971479297,0.004089702852070332
FSRQ,0.9751205593347549,0.024879440665245056
BLL,0.9920172784477472,0.00798272155225277
BLL,0.9541510120034218,0.04584898799657822
FSRQ,0.1340845227241516,0.8659154772758484
BLL,0.950266644358635,0.04973335564136505
BLL,0.671941876411438,0.328058123588562
FSRQ,0.07777160406112671,0.9222283959388733
BLL,0.9599117152392864,0.04008828476071358
BLL,0.980048157274723,0.019951842725276947
FSRQ,0.28695088624954224,0.7130491137504578
BLL,0.8369879573583603,0.1630120426416397
BLL,0.9992043849197216,0.0007956150802783668
BLL,0.9892335990443826,0.010766400955617428
FSRQ,0.3814013600349426,0.6185986399650574
FSRQ,0.12847042083740234,0.8715295791625977
FSRQ,0.032689452171325684,0.9673105478286743
BLL,0.3356977701187134,0.6643022298812866
FSRQ,0.06876766681671143,0.9312323331832886
FSRQ,0.06429797410964966,0.9357020258903503
FSRQ,0.28220516443252563,0.7177948355674744
BLL,0.9222518503665924,0.07774814963340759
FSRQ,0.15558087825775146,0.8444191217422485
BLL,0.7978308796882629,0.20216912031173706
BLL,0.9863243838772178,0.01367561612278223
FSRQ,0.4513227939605713,0.5486772060394287
FSRQ,0.0756152868270874,0.9243847131729126
FSRQ,0.30500102043151855,0.6949989795684814
BLL,0.9723529033362865,0.027647096663713455
BLL,0.9692838974297047,0.030716102570295334
BLL,0.9273983910679817,0.07260160893201828
FSRQ,0.11957484483718872,0.8804251551628113
BLL,0.9271219074726105,0.07287809252738953
BLL,0.999001647462137,0.0009983525378629565
BLL,0.949882086366415,0.050117913633584976
FSRQ,0.7060364782810211,0.2939635217189789
BLL,0.9505446329712868,0.049455367028713226
FSRQ,0.029947340488433838,0.9700526595115662
BLL,0.9699141569435596,0.030085843056440353
BLL,0.997754483949393,0.002245516050606966
BLL,0.8985803350806236,0.10141966491937637
BLL,0.8657228946685791,0.1342771053314209
FSRQ,0.062482237815856934,0.9375177621841431
BLL,0.8922978937625885,0.1077021062374115
FSRQ,0.08758962154388428,0.9124103784561157
BLL,0.9430983439087868,0.056901656091213226
BLL,0.8673498034477234,0.1326501965522766
FSRQ,0.03154456615447998,0.96845543384552
BLL,0.9871484534814954,0.01285154651850462
BLL,0.9886343590915203,0.01136564090847969
FSRQ,0.19851863384246826,0.8014813661575317
FSRQ,0.08603286743164062,0.9139671325683594
BLL,0.9667559415102005,0.0332440584897995
BLL,0.9036459773778915,0.09635402262210846
BLL,0.9993372059543617,0.000662794045638293
FSRQ,0.07885617017745972,0.9211438298225403
BLL,0.6943452954292297,0.30565470457077026
BLL,0.8140568882226944,0.1859431117773056
BLL,0.9992843338986859,0.0007156661013141274
BLL,0.9896335555240512,0.01036644447594881
BLL,0.9807424694299698,0.019257530570030212
BLL,0.6103532016277313,0.3896467983722687
BLL,0.5802505910396576,0.4197494089603424
BLL,0.9400260597467422,0.05997394025325775
BLL,0.9996307873516344,0.0003692126483656466
BLL,0.8567498028278351,0.14325019717216492
BLL,0.9269734248518944,0.07302657514810562
BLL,0.9014356732368469,0.09856432676315308
BLL,0.9981234867591411,0.0018765132408589125
BLL,0.9677474051713943,0.03225259482860565
FSRQ,0.08751291036605835,0.9124870896339417
FSRQ,0.025669574737548828,0.9743304252624512
BLL,0.8556367605924606,0.14436323940753937
FSRQ,0.24389249086380005,0.7561075091362
FSRQ,0.49281418323516846,0.5071858167648315
FSRQ,0.15274465084075928,0.8472553491592407
BLL,0.9913818528875709,0.008618147112429142
FSRQ,0.3978765606880188,0.6021234393119812
BLL,0.9868053141981363,0.01319468580186367
BLL,0.9990166364004835,0.0009833635995164514
BLL,0.9738297779113054,0.026170222088694572
FSRQ,0.08138042688369751,0.9186195731163025
FSRQ,0.17584943771362305,0.824150562286377
FSRQ,0.1114078164100647,0.8885921835899353
FSRQ,0.10086870193481445,0.8991312980651855
BLL,0.910782478749752,0.08921752125024796
BLL,0.8238957077264786,0.17610429227352142
BLL,0.9945435156114399,0.005456484388560057
BLL,0.9905087342485785,0.009491265751421452
FSRQ,0.1429576277732849,0.8570423722267151
BLL,0.8308853209018707,0.16911467909812927
FSRQ,0.05874115228652954,0.9412588477134705
FSRQ,0.39921486377716064,0.6007851362228394
FSRQ,0.00843113660812378,0.9915688633918762
BLL,0.9351112991571426,0.06488870084285736
BLL,0.9059915095567703,0.09400849044322968
FSRQ,0.1140279769897461,0.8859720230102539
BLL,0.48305243253707886,0.5169475674629211
BLL,0.9178114384412766,0.08218856155872345
FSRQ,0.7526476085186005,0.24735239148139954
BLL,0.9998337742872536,0.00016622571274638176
BLL,0.7750084102153778,0.2249915897846222
FSRQ,0.3978709578514099,0.6021290421485901
FSRQ,0.2103089690208435,0.7896910309791565
BLL,0.9870034297928214,0.012996570207178593
BLL,0.9966847363393754,0.0033152636606246233
BLL,0.698232501745224,0.301767498254776
FSRQ,0.05021923780441284,0.9497807621955872
BLL,0.39606577157974243,0.6039342284202576
BLL,0.9739907141774893,0.02600928582251072
FSRQ,0.15496784448623657,0.8450321555137634
FSRQ,0.08725941181182861,0.9127405881881714
BLL,0.866091251373291,0.13390874862670898
BLL,0.8463981002569199,0.15360189974308014
BLL,0.17332375049591064,0.8266762495040894
BLL,0.803825631737709,0.19617436826229095
FSRQ,0.17813384532928467,0.8218661546707153
FSRQ,0.9917575623840094,0.008242437615990639
FSRQ,0.0808790922164917,0.9191209077835083
BLL,0.8590568900108337,0.14094310998916626
FSRQ,0.0738140344619751,0.9261859655380249
BLL,0.9911616770550609,0.008838322944939137
FSRQ,0.05849260091781616,0.9415073990821838
BLL,0.9446383491158485,0.05536165088415146
BLL,0.9814693480730057,0.018530651926994324
BLL,0.4411429762840271,0.5588570237159729
BLL,0.9288786202669144,0.07112137973308563
BLL,0.9694617707282305,0.030538229271769524
BLL,0.9927351623773575,0.007264837622642517
FSRQ,0.34048938751220703,0.659510612487793
BLL,0.9988536247983575,0.0011463752016425133
BLL,0.9772608149796724,0.022739185020327568
FSRQ,0.18334949016571045,0.8166505098342896
BLL,0.9984451266936958,0.0015548733063042164
BLL,0.9126836657524109,0.08731633424758911
FSRQ,0.34597933292388916,0.6540206670761108
BLL,0.9301205724477768,0.0698794275522232
BLL,0.9631516523659229,0.03684834763407707
BLL,0.9921600017696619,0.007839998230338097
BLL,0.4436837434768677,0.5563162565231323
BLL,0.9934531445614994,0.006546855438500643
FSRQ,0.018213331699371338,0.9817866683006287
BLL,0.986127014271915,0.013872985728085041
FSRQ,0.6863918304443359,0.31360816955566406
BLL,0.9312255680561066,0.06877443194389343
FSRQ,0.12561506032943726,0.8743849396705627
FSRQ,0.11791622638702393,0.8820837736129761
FSRQ,0.12075966596603394,0.8792403340339661
BLL,0.9355065375566483,0.06449346244335175
BLL,0.997342566261068,0.0026574337389320135
FSRQ,0.11806952953338623,0.8819304704666138
BLL,0.9851540476083755,0.01484595239162445
BLL,0.9779130611568689,0.022086938843131065
BLL,0.9961806756909937,0.0038193243090063334
FSRQ,0.08964401483535767,0.9103559851646423
FSRQ,0.7646348476409912,0.2353651523590088
BLL,0.6288293600082397,0.37117063999176025
FSRQ,0.0401611328125,0.9598388671875
BLL,0.9931544945575297,0.006845505442470312
BLL,0.9887470593675971,0.011252940632402897
FSRQ,0.6397960484027863,0.36020395159721375
BLL,0.9943537726067007,0.005646227393299341
FSRQ,0.1666385531425476,0.8333614468574524
BLL,0.42243850231170654,0.5775614976882935
FSRQ,0.17103791236877441,0.8289620876312256
BLL,0.826508417725563,0.17349158227443695
BLL,0.8753601610660553,0.1246398389339447
FSRQ,0.0942811369895935,0.9057188630104065
BLL,0.3281487226486206,0.6718512773513794
BLL,0.9908627476543188,0.00913725234568119
BLL,0.9979057153686881,0.0020942846313118935
FSRQ,0.055715203285217285,0.9442847967147827
BLL,0.8216438144445419,0.17835618555545807
BLL,0.9666929133236408,0.03330708667635918
BLL,0.9950819741934538,0.004918025806546211
BLL,0.9719541743397713,0.02804582566022873
BLL,0.6607333123683929,0.33926668763160706
BLL,0.9939132477156818,0.006086752284318209
BLL,0.6000218093395233,0.3999781906604767
BLL,0.9346767067909241,0.06532329320907593
BLL,0.9876557979732752,0.012344202026724815
BLL,0.8392850458621979,0.16071495413780212
FSRQ,0.07390117645263672,0.9260988235473633
BLL,0.9473627619445324,0.052637238055467606
BLL,0.9976275665685534,0.0023724334314465523
FSRQ,0.07318115234375,0.92681884765625
FSRQ,0.17148470878601074,0.8285152912139893
FSRQ,0.1701304316520691,0.8298695683479309
FSRQ,0.8751515224575996,0.12484847754240036
FSRQ,0.1913297176361084,0.8086702823638916
FSRQ,0.8189951777458191,0.1810048222541809
FSRQ,0.09790408611297607,0.9020959138870239
BLL,0.9781934432685375,0.02180655673146248
BLL,0.9368344396352768,0.0631655603647232
BLL,0.9828923661261797,0.017107633873820305
FSRQ,0.15427929162979126,0.8457207083702087
BLL,0.983626015484333,0.01637398451566696
BLL,0.7159074246883392,0.28409257531166077
BLL,0.5748200714588165,0.42517992854118347
BLL,0.9599256850779057,0.040074314922094345
FSRQ,0.3176262378692627,0.6823737621307373
BLL,0.9356744065880775,0.06432559341192245
BLL,0.9462181217968464,0.05378187820315361
FSRQ,0.007280230522155762,0.9927197694778442
FSRQ,0.2080584168434143,0.7919415831565857
BLL,0.9986704715993255,0.0013295284006744623
BLL,0.9286225959658623,0.07137740403413773
BLL,0.9394406117498875,0.060559388250112534
BLL,0.9858274403959513,0.014172559604048729
FSRQ,0.6740401089191437,0.3259598910808563
BLL,0.9725855607539415,0.027414439246058464
BLL,0.36346107721328735,0.6365389227867126
FSRQ,0.05100739002227783,0.9489926099777222
BLL,0.21228432655334473,0.7877156734466553
BLL,0.9560381807386875,0.043961819261312485
BLL,0.9835844151675701,0.016415584832429886
FSRQ,0.036538898944854736,0.9634611010551453
BLL,0.9824345260858536,0.017565473914146423
FSRQ,0.05200570821762085,0.9479942917823792
BLL,0.9060439020395279,0.0939560979604721
FSRQ,0.728749543428421,0.271250456571579
BLL,0.752476766705513,0.247523233294487
BLL,0.9968912161421031,0.003108783857896924
BLL,0.9931644233874977,0.0068355766125023365
BLL,0.9753836374729872,0.024616362527012825
FSRQ,0.10531735420227051,0.8946826457977295
FSRQ,0.11886292695999146,0.8811370730400085
BLL,0.7443650364875793,0.25563496351242065
BLL,0.9893673369660974,0.010632663033902645
BLL,0.8328192979097366,0.16718070209026337
BLL,0.9312144219875336,0.06878557801246643
FSRQ,0.2181265950202942,0.7818734049797058
BLL,0.9562053605914116,0.04379463940858841
FSRQ,0.11812812089920044,0.8818718791007996
BLL,0.9739791769534349,0.026020823046565056
BLL,0.9766715131700039,0.02332848682999611
BLL,0.999100067128893,0.000899932871107012
FSRQ,0.20103442668914795,0.798965573310852
BLL,0.8647623658180237,0.13523763418197632
FSRQ,0.8091845065355301,0.1908154934644699
BLL,0.469990074634552,0.530009925365448
BLL,0.9793190695345402,0.020680930465459824
FSRQ,0.14418238401412964,0.8558176159858704
BLL,0.9099326282739639,0.09006737172603607
BLL,0.9832341335713863,0.016765866428613663
BLL,0.9526629522442818,0.04733704775571823
FSRQ,0.0795629620552063,0.9204370379447937
BLL,0.5913524329662323,0.4086475670337677
FSRQ,0.12481534481048584,0.8751846551895142
BLL,0.8745783418416977,0.1254216581583023
BLL,0.9435272961854935,0.05647270381450653
BLL,0.9891974395141006,0.010802560485899448
FSRQ,0.12279921770095825,0.8772007822990417
BLL,0.9729278590530157,0.02707214094698429
BLL,0.7807419449090958,0.21925805509090424
BLL,0.9832819532603025,0.016718046739697456
BLL,0.990075845271349,0.009924154728651047
BLL,0.9462473094463348,0.05375269055366516
BLL,0.4861806631088257,0.5138193368911743
BLL,0.9499278999865055,0.05007210001349449
BLL,0.830515593290329,0.16948440670967102
BLL,0.6012409627437592,0.39875903725624084
BLL,0.16316086053848267,0.8368391394615173
FSRQ,0.045510947704315186,0.9544890522956848
BLL,0.9578103795647621,0.042189620435237885
BLL,0.9168191999197006,0.08318080008029938
BLL,0.8779803887009621,0.12201961129903793
BLL,0.8055315911769867,0.1944684088230133
FSRQ,0.04512578248977661,0.9548742175102234
FSRQ,0.25726133584976196,0.742738664150238
BLL,0.48933517932891846,0.5106648206710815
BLL,0.5835970044136047,0.41640299558639526
FSRQ,0.10555803775787354,0.8944419622421265
BLL,0.8249726593494415,0.17502734065055847
BLL,0.7964008748531342,0.20359912514686584
BLL,0.955165658146143,0.04483434185385704
FSRQ,0.4793679714202881,0.5206320285797119
BLL,0.8898844867944717,0.11011551320552826
FSRQ,0.31974077224731445,0.6802592277526855
FSRQ,0.3740079998970032,0.6259920001029968
FSRQ,0.042016565799713135,0.9579834342002869
BLL,0.9929680665954947,0.007031933404505253
FSRQ,0.24764716625213623,0.7523528337478638
FSRQ,0.13258975744247437,0.8674102425575256
BLL,0.9067327156662941,0.0932672843337059
BLL,0.9836282413452864,0.01637175865471363
BLL,0.8758617118000984,0.12413828819990158
FSRQ,0.27484965324401855,0.7251503467559814
BLL,0.8332329988479614,0.16676700115203857
BLL,0.8799349367618561,0.12006506323814392
BLL,0.9840246867388487,0.015975313261151314
BLL,0.9856731342151761,0.014326865784823895
BLL,0.918636754155159,0.081363245844841
BLL,0.9356922581791878,0.06430774182081223
BLL,0.9527416341006756,0.04725836589932442
BLL,0.9889727253466845,0.011027274653315544
BLL,0.9721133373677731,0.027886662632226944
BLL,0.988128456287086,0.01187154371291399
FSRQ,0.12465214729309082,0.8753478527069092
BLL,0.9933594628237188,0.006640537176281214
FSRQ,0.8330739140510559,0.1669260859489441
FSRQ,0.12309098243713379,0.8769090175628662
BLL,0.9969967151992023,0.003003284800797701
BLL,0.9973982889205217,0.002601711079478264
BLL,0.9922314188443124,0.007768581155687571
BLL,0.9279465079307556,0.07205349206924438
BLL,0.8696429282426834,0.1303570717573166
BLL,0.8344265967607498,0.16557340323925018
BLL,0.996293418109417,0.0037065818905830383
BLL,0.8693763911724091,0.13062360882759094
BLL,0.9433711692690849,0.05662883073091507
BLL,0.5902639627456665,0.4097360372543335
BLL,0.9934925618581474,0.006507438141852617
FSRQ,0.1333332657814026,0.8666667342185974
BLL,0.980790751054883,0.019209248945116997
BLL,0.19868743419647217,0.8013125658035278
BLL,0.9959263680502772,0.004073631949722767
BLL,0.9973893384449184,0.002610661555081606
FSRQ,0.34276050329208374,0.6572394967079163
BLL,0.9100388810038567,0.08996111899614334
BLL,0.9964971954468638,0.0035028045531362295
BLL,0.8116812705993652,0.18831872940063477
BLL,0.7987816035747528,0.2012183964252472
FSRQ,0.13046503067016602,0.869534969329834
BLL,0.9947501411661506,0.00524985883384943
BLL,0.9948815843090415,0.0051184156909585
BLL,0.9172510653734207,0.08274893462657928
FSRQ,0.3677866458892822,0.6322133541107178
BLL,0.712394118309021,0.287605881690979
FSRQ,0.08685183525085449,0.9131481647491455
FSRQ,0.06722831726074219,0.9327716827392578
BLL,0.9727125149220228,0.02728748507797718
BLL,0.9871929008513689,0.012807099148631096
BLL,0.11668628454208374,0.8833137154579163
BLL,0.8918736428022385,0.10812635719776154
FSRQ,0.6514336168766022,0.3485663831233978
BLL,0.7962827980518341,0.2037172019481659
BLL,0.9997939870954724,0.00020601290452759713
BLL,0.9993826443096623,0.0006173556903377175
FSRQ,0.08262503147125244,0.9173749685287476
FSRQ,0.08279222249984741,0.9172077775001526
BLL,0.9848574064671993,0.015142593532800674
BLL,0.8038143366575241,0.1961856633424759
FSRQ,0.11015933752059937,0.8898406624794006
BLL,0.8409011512994766,0.15909884870052338
FSRQ,0.8101407140493393,0.1898592859506607
BLL,0.9893372822552919,0.010662717744708061
FSRQ,0.18272089958190918,0.8172791004180908
FSRQ,0.05067455768585205,0.949325442314148
BLL,0.7726447582244873,0.2273552417755127
BLL,0.9991634586476721,0.000836541352327913
BLL,0.9409317784011364,0.0590682215988636
BLL,0.9776945542544127,0.02230544574558735
FSRQ,0.022565484046936035,0.977434515953064
FSRQ,0.4577573537826538,0.5422426462173462
BLL,0.9941192208789289,0.0058807791210711
FSRQ,0.43048256635665894,0.5695174336433411
BLL,0.8825090453028679,0.11749095469713211
BLL,0.9716353733092546,0.028364626690745354
BLL,0.9949468509294093,0.0050531490705907345
FSRQ,0.0264585018157959,0.9735414981842041
FSRQ,0.17302745580673218,0.8269725441932678
BLL,0.9882195815443993,0.011780418455600739
BLL,0.8503261059522629,0.14967389404773712
BLL,0.9482605904340744,0.0517394095659256
BLL,0.9926496418192983,0.007350358180701733
FSRQ,0.5424582958221436,0.45754170417785645
BLL,0.7241795063018799,0.2758204936981201
BLL,0.6172658503055573,0.38273414969444275
FSRQ,0.1369834542274475,0.8630165457725525
FSRQ,0.08794921636581421,0.9120507836341858
BLL,0.9771894682198763,0.02281053178012371
BLL,0.7119737863540649,0.28802621364593506
FSRQ,0.08279311656951904,0.917206883430481
BLL,0.9978458490222692,0.002154150977730751
FSRQ,0.1783929467201233,0.8216070532798767
BLL,0.9507241696119308,0.04927583038806915
BLL,0.9626336321234703,0.037366367876529694
BLL,0.8421020060777664,0.15789799392223358
BLL,0.25153589248657227,0.7484641075134277
BLL,0.7737205028533936,0.22627949714660645
BLL,0.8335387259721756,0.1664612740278244
FSRQ,0.23729991912841797,0.762700080871582
BLL,0.4153796434402466,0.5846203565597534
BLL,0.9862831579521298,0.01371684204787016
FSRQ,0.24298924207687378,0.7570107579231262
FSRQ,0.21903765201568604,0.780962347984314
FSRQ,0.6515771448612213,0.3484228551387787
FSRQ,0.11123418807983398,0.888765811920166
BLL,0.7119461894035339,0.28805381059646606
FSRQ,0.1692795753479004,0.8307204246520996
FSRQ,0.18411213159561157,0.8158878684043884
